Year,Company,Total Revenue,Net Income,Total Assets,Total Liabilities,Cash Flow from operating activities
F24,Microsoft,245122,88136,512163,243686,118548
F24,Tesla,97690,7153,122070,48390,14923
F24,Apple,391035,93736,364980,308030,118254
F23,Microsoft,211915,72361,411976,205753,87582
F23,Tesla,96773,14974,106618,43009,13256
F23,Apple,383285,96995,352583,290437,110543
F22,Microsoft,198270,72738,364840,198298,89035
F22,Tesla,81462,12556,82338,36440,14724
F22,Apple,394328,99803,352755,302083,122151
